 (1.104560256004333496e+00+0.000000000000000000e+00j), (9.544337391853332520e-01+0.000000000000000000e+00j), (1.126222610473632812e+00+0.000000000000000000e+00j), (1.110464692115783691e+00+0.000000000000000000e+00j), (1.398577332496643066e+00+0.000000000000000000e+00j), (9.274443387985229492e-01+0.000000000000000000e+00j), (1.309096932411193848e+00+0.000000000000000000e+00j), (4.323134124279022217e-01+0.000000000000000000e+00j), (9.013274908065795898e-01+0.000000000000000000e+00j), (1.317868232727050781e+00+0.000000000000000000e+00j)
 (1.059537529945373535e+00+0.000000000000000000e+00j), (9.621904492378234863e-01+0.000000000000000000e+00j), (7.886237502098083496e-01+0.000000000000000000e+00j), (9.693601727485656738e-01+0.000000000000000000e+00j), (8.222128152847290039e-01+0.000000000000000000e+00j), (6.955144405364990234e-01+0.000000000000000000e+00j), (9.966976642608642578e-01+0.000000000000000000e+00j), (1.089106440544128418e+00+0.000000000000000000e+00j), (1.146118283271789551e+00+0.000000000000000000e+00j), (1.149070858955383301e+00+0.000000000000000000e+00j)
 (7.623600363731384277e-01+0.000000000000000000e+00j), (7.475657463073730469e-01+0.000000000000000000e+00j), (1.048402547836303711e+00+0.000000000000000000e+00j), (1.012586951255798340e+00+0.000000000000000000e+00j), (1.140374422073364258e+00+0.000000000000000000e+00j), (1.128663539886474609e+00+0.000000000000000000e+00j), (1.153667449951171875e+00+0.000000000000000000e+00j), (1.089726328849792480e+00+0.000000000000000000e+00j), (9.865368008613586426e-01+0.000000000000000000e+00j), (8.373203277587890625e-01+0.000000000000000000e+00j)
 (8.679608702659606934e-01+0.000000000000000000e+00j), (1.187425851821899414e+00+0.000000000000000000e+00j), (9.047059416770935059e-01+0.000000000000000000e+00j), (9.200190305709838867e-01+0.000000000000000000e+00j), (8.914297819137573242e-01+0.000000000000000000e+00j), (8.893480896949768066e-01+0.000000000000000000e+00j), (7.627598047256469727e-01+0.000000000000000000e+00j), (1.097128272056579590e+00+0.000000000000000000e+00j), (8.791108131408691406e-01+0.000000000000000000e+00j), (8.560723662376403809e-01+0.000000000000000000e+00j)
 (1.205762982368469238e+00+0.000000000000000000e+00j), (1.080014824867248535e+00+0.000000000000000000e+00j), (6.647224426269531250e-01+0.000000000000000000e+00j), (1.289761543273925781e+00+0.000000000000000000e+00j), (1.093476891517639160e+00+0.000000000000000000e+00j), (1.011442780494689941e+00+0.000000000000000000e+00j), (1.013690948486328125e+00+0.000000000000000000e+00j), (7.456297278404235840e-01+0.000000000000000000e+00j), (7.249237895011901855e-01+0.000000000000000000e+00j), (1.047237515449523926e+00+0.000000000000000000e+00j)
 (5.539527535438537598e-01+0.000000000000000000e+00j), (1.327607512474060059e+00+0.000000000000000000e+00j), (1.014357805252075195e+00+0.000000000000000000e+00j), (8.379850983619689941e-01+0.000000000000000000e+00j), (8.945125937461853027e-01+0.000000000000000000e+00j), (1.097613453865051270e+00+0.000000000000000000e+00j), (9.283650517463684082e-01+0.000000000000000000e+00j), (1.078512787818908691e+00+0.000000000000000000e+00j), (6.123112440109252930e-01+0.000000000000000000e+00j), (1.283413171768188477e+00+0.000000000000000000e+00j)
 (9.818396568298339844e-01+0.000000000000000000e+00j), (1.223244428634643555e+00+0.000000000000000000e+00j), (7.956964373588562012e-01+0.000000000000000000e+00j), (9.955523610115051270e-01+0.000000000000000000e+00j), (1.331997871398925781e+00+0.000000000000000000e+00j), (1.057324647903442383e+00+0.000000000000000000e+00j), (1.147189021110534668e+00+0.000000000000000000e+00j), (8.985820412635803223e-01+0.000000000000000000e+00j), (9.297648668289184570e-01+0.000000000000000000e+00j), (1.135840177536010742e+00+0.000000000000000000e+00j)
 (8.933749794960021973e-01+0.000000000000000000e+00j), (1.147817850112915039e+00+0.000000000000000000e+00j), (1.145474672317504883e+00+0.000000000000000000e+00j), (1.256954312324523926e+00+0.000000000000000000e+00j), (9.246057271957397461e-01+0.000000000000000000e+00j), (3.547642827033996582e-01+0.000000000000000000e+00j), (8.311128020286560059e-01+0.000000000000000000e+00j), (1.061326742172241211e+00+0.000000000000000000e+00j), (1.098180413246154785e+00+0.000000000000000000e+00j), (1.005695581436157227e+00+0.000000000000000000e+00j)
 (8.866236209869384766e-01+0.000000000000000000e+00j), (8.068196177482604980e-01+0.000000000000000000e+00j), (1.019632101058959961e+00+0.000000000000000000e+00j), (1.191330075263977051e+00+0.000000000000000000e+00j), (1.309144854545593262e+00+0.000000000000000000e+00j), (8.973582983016967773e-01+0.000000000000000000e+00j), (1.059414744377136230e+00+0.000000000000000000e+00j), (9.911015033721923828e-01+0.000000000000000000e+00j), (9.477799534797668457e-01+0.000000000000000000e+00j), (1.361070990562438965e+00+0.000000000000000000e+00j)
 (9.778264164924621582e-01+0.000000000000000000e+00j), (7.678844332695007324e-01+0.000000000000000000e+00j), (1.286052584648132324e+00+0.000000000000000000e+00j), (1.409986734390258789e+00+0.000000000000000000e+00j), (1.434356689453125000e+00+0.000000000000000000e+00j), (8.165178894996643066e-01+0.000000000000000000e+00j), (1.121422529220581055e+00+0.000000000000000000e+00j), (1.491319179534912109e+00+0.000000000000000000e+00j), (1.082141518592834473e+00+0.000000000000000000e+00j), (1.472895145416259766e+00+0.000000000000000000e+00j)
 (1.078477621078491211e+00+0.000000000000000000e+00j), (9.291228652000427246e-01+0.000000000000000000e+00j), (9.270706176757812500e-01+0.000000000000000000e+00j), (1.007975101470947266e+00+0.000000000000000000e+00j), (1.321606516838073730e+00+0.000000000000000000e+00j), (1.000549077987670898e+00+0.000000000000000000e+00j), (7.601302862167358398e-01+0.000000000000000000e+00j), (9.685178995132446289e-01+0.000000000000000000e+00j), (9.513727426528930664e-01+0.000000000000000000e+00j), (1.270775914192199707e+00+0.000000000000000000e+00j)
 (9.698790907859802246e-01+0.000000000000000000e+00j), (1.020065665245056152e+00+0.000000000000000000e+00j), (1.308821320533752441e+00+0.000000000000000000e+00j), (1.130576491355895996e+00+0.000000000000000000e+00j), (8.972063064575195312e-01+0.000000000000000000e+00j), (1.096684813499450684e+00+0.000000000000000000e+00j), (1.061305403709411621e+00+0.000000000000000000e+00j), (1.126770973205566406e+00+0.000000000000000000e+00j), (1.063412785530090332e+00+0.000000000000000000e+00j), (1.318271398544311523e+00+0.000000000000000000e+00j)
 (1.343839883804321289e+00+0.000000000000000000e+00j), (8.934170603752136230e-01+0.000000000000000000e+00j), (1.154077887535095215e+00+0.000000000000000000e+00j), (7.348817586898803711e-01+0.000000000000000000e+00j), (1.247040510177612305e+00+0.000000000000000000e+00j), (1.359770417213439941e+00+0.000000000000000000e+00j), (1.251761674880981445e+00+0.000000000000000000e+00j), (1.015934467315673828e+00+0.000000000000000000e+00j), (1.179759860038757324e+00+0.000000000000000000e+00j), (1.235098242759704590e+00+0.000000000000000000e+00j)
 (1.076773762702941895e+00+0.000000000000000000e+00j), (1.207714438438415527e+00+0.000000000000000000e+00j), (1.065793037414550781e+00+0.000000000000000000e+00j), (9.742334485054016113e-01+0.000000000000000000e+00j), (8.467267155647277832e-01+0.000000000000000000e+00j), (1.151994228363037109e+00+0.000000000000000000e+00j), (1.019328594207763672e+00+0.000000000000000000e+00j), (8.181239962577819824e-01+0.000000000000000000e+00j), (1.027211189270019531e+00+0.000000000000000000e+00j), (9.454047083854675293e-01+0.000000000000000000e+00j)
 (1.074232220649719238e+00+0.000000000000000000e+00j), (8.748216629028320312e-01+0.000000000000000000e+00j), (1.255175590515136719e+00+0.000000000000000000e+00j), (1.024829983711242676e+00+0.000000000000000000e+00j), (1.522796630859375000e+00+0.000000000000000000e+00j), (5.881435275077819824e-01+0.000000000000000000e+00j), (1.121338963508605957e+00+0.000000000000000000e+00j), (8.704306483268737793e-01+0.000000000000000000e+00j), (1.000870466232299805e+00+0.000000000000000000e+00j), (1.222857832908630371e+00+0.000000000000000000e+00j)
 (9.158625602722167969e-01+0.000000000000000000e+00j), (8.690080046653747559e-01+0.000000000000000000e+00j), (1.369729995727539062e+00+0.000000000000000000e+00j), (1.400460243225097656e+00+0.000000000000000000e+00j), (1.213946461677551270e+00+0.000000000000000000e+00j), (3.916957378387451172e-01+0.000000000000000000e+00j), (8.037140369415283203e-01+0.000000000000000000e+00j), (6.808622479438781738e-01+0.000000000000000000e+00j), (7.922068834304809570e-01+0.000000000000000000e+00j), (9.975050091743469238e-01+0.000000000000000000e+00j)
 (1.401537060737609863e+00+0.000000000000000000e+00j), (1.305917143821716309e+00+0.000000000000000000e+00j), (5.643807053565979004e-01+0.000000000000000000e+00j), (7.345551848411560059e-01+0.000000000000000000e+00j), (8.212389945983886719e-01+0.000000000000000000e+00j), (9.388461112976074219e-01+0.000000000000000000e+00j), (1.043589591979980469e+00+0.000000000000000000e+00j), (1.175885200500488281e+00+0.000000000000000000e+00j), (7.458056211471557617e-01+0.000000000000000000e+00j), (1.141306161880493164e+00+0.000000000000000000e+00j)
 (7.099980115890502930e-01+0.000000000000000000e+00j), (1.142640471458435059e+00+0.000000000000000000e+00j), (7.712743878364562988e-01+0.000000000000000000e+00j), (6.375917792320251465e-01+0.000000000000000000e+00j), (9.827621579170227051e-01+0.000000000000000000e+00j), (1.042139410972595215e+00+0.000000000000000000e+00j), (1.048812031745910645e+00+0.000000000000000000e+00j), (1.027663350105285645e+00+0.000000000000000000e+00j), (1.102003693580627441e+00+0.000000000000000000e+00j), (9.484664201736450195e-01+0.000000000000000000e+00j)
 (1.029595255851745605e+00+0.000000000000000000e+00j), (9.248577952384948730e-01+0.000000000000000000e+00j), (8.226628303527832031e-01+0.000000000000000000e+00j), (8.054738044738769531e-01+0.000000000000000000e+00j), (9.710327982902526855e-01+0.000000000000000000e+00j), (1.211258769035339355e+00+0.000000000000000000e+00j), (8.408134579658508301e-01+0.000000000000000000e+00j), (9.957817196846008301e-01+0.000000000000000000e+00j), (9.950968027114868164e-01+0.000000000000000000e+00j), (1.174086093902587891e+00+0.000000000000000000e+00j)
 (1.170307755470275879e+00+0.000000000000000000e+00j), (8.782582283020019531e-01+0.000000000000000000e+00j), (1.034948587417602539e+00+0.000000000000000000e+00j), (9.799075126647949219e-01+0.000000000000000000e+00j), (1.130866408348083496e+00+0.000000000000000000e+00j), (1.282374143600463867e+00+0.000000000000000000e+00j), (7.096534371376037598e-01+0.000000000000000000e+00j), (6.225160956382751465e-01+0.000000000000000000e+00j), (8.790404200553894043e-01+0.000000000000000000e+00j), (9.383317232131958008e-01+0.000000000000000000e+00j)
 (1.288112640380859375e+00+0.000000000000000000e+00j), (1.136690139770507812e+00+0.000000000000000000e+00j), (1.129686236381530762e+00+0.000000000000000000e+00j), (1.218226075172424316e+00+0.000000000000000000e+00j), (8.577734827995300293e-01+0.000000000000000000e+00j), (9.754459261894226074e-01+0.000000000000000000e+00j), (1.124815464019775391e+00+0.000000000000000000e+00j), (8.369629979133605957e-01+0.000000000000000000e+00j), (1.043172240257263184e+00+0.000000000000000000e+00j), (4.516182243824005127e-01+0.000000000000000000e+00j)
 (9.804448485374450684e-01+0.000000000000000000e+00j), (9.965193271636962891e-01+0.000000000000000000e+00j), (8.658361434936523438e-01+0.000000000000000000e+00j), (9.645392894744873047e-01+0.000000000000000000e+00j), (1.380002975463867188e+00+0.000000000000000000e+00j), (1.248258590698242188e+00+0.000000000000000000e+00j), (9.511755704879760742e-01+0.000000000000000000e+00j), (1.261408090591430664e+00+0.000000000000000000e+00j), (8.405671119689941406e-01+0.000000000000000000e+00j), (7.972537279129028320e-01+0.000000000000000000e+00j)
 (1.164764404296875000e+00+0.000000000000000000e+00j), (1.062332034111022949e+00+0.000000000000000000e+00j), (9.842402338981628418e-01+0.000000000000000000e+00j), (4.957965314388275146e-01+0.000000000000000000e+00j), (1.308319091796875000e+00+0.000000000000000000e+00j), (7.330105900764465332e-01+0.000000000000000000e+00j), (1.245082855224609375e+00+0.000000000000000000e+00j), (1.015444159507751465e+00+0.000000000000000000e+00j), (9.570757150650024414e-01+0.000000000000000000e+00j), (1.057599544525146484e+00+0.000000000000000000e+00j)
 (7.291023731231689453e-01+0.000000000000000000e+00j), (9.136717319488525391e-01+0.000000000000000000e+00j), (1.008004426956176758e+00+0.000000000000000000e+00j), (1.130031466484069824e+00+0.000000000000000000e+00j), (1.253459572792053223e+00+0.000000000000000000e+00j), (1.005595922470092773e+00+0.000000000000000000e+00j), (7.100981473922729492e-01+0.000000000000000000e+00j), (1.308655261993408203e+00+0.000000000000000000e+00j), (1.131981730461120605e+00+0.000000000000000000e+00j), (9.607713818550109863e-01+0.000000000000000000e+00j)
 (8.822337388992309570e-01+0.000000000000000000e+00j), (9.134346246719360352e-01+0.000000000000000000e+00j), (1.198314309120178223e+00+0.000000000000000000e+00j), (9.980669617652893066e-01+0.000000000000000000e+00j), (1.079565405845642090e+00+0.000000000000000000e+00j), (9.543508291244506836e-01+0.000000000000000000e+00j), (8.893565535545349121e-01+0.000000000000000000e+00j), (9.387971162796020508e-01+0.000000000000000000e+00j), (1.185247898101806641e+00+0.000000000000000000e+00j), (8.879910707473754883e-01+0.000000000000000000e+00j)
 (9.501227736473083496e-01+0.000000000000000000e+00j), (1.094416856765747070e+00+0.000000000000000000e+00j), (1.286154627799987793e+00+0.000000000000000000e+00j), (8.929523825645446777e-01+0.000000000000000000e+00j), (8.603984713554382324e-01+0.000000000000000000e+00j), (8.283179402351379395e-01+0.000000000000000000e+00j), (1.320840239524841309e+00+0.000000000000000000e+00j), (1.122747421264648438e+00+0.000000000000000000e+00j), (1.142311096191406250e+00+0.000000000000000000e+00j), (8.386695981025695801e-01+0.000000000000000000e+00j)
 (1.182410597801208496e+00+0.000000000000000000e+00j), (1.107886910438537598e+00+0.000000000000000000e+00j), (7.906597256660461426e-01+0.000000000000000000e+00j), (1.051596283912658691e+00+0.000000000000000000e+00j), (1.401177763938903809e+00+0.000000000000000000e+00j), (8.787762522697448730e-01+0.000000000000000000e+00j), (9.954782724380493164e-01+0.000000000000000000e+00j), (1.228483796119689941e+00+0.000000000000000000e+00j), (9.496456980705261230e-01+0.000000000000000000e+00j), (8.977665305137634277e-01+0.000000000000000000e+00j)
 (9.245637655258178711e-01+0.000000000000000000e+00j), (9.001274704933166504e-01+0.000000000000000000e+00j), (1.259208679199218750e+00+0.000000000000000000e+00j), (6.590132713317871094e-01+0.000000000000000000e+00j), (1.331302046775817871e+00+0.000000000000000000e+00j), (6.553379297256469727e-01+0.000000000000000000e+00j), (5.870385766029357910e-01+0.000000000000000000e+00j), (9.159424304962158203e-01+0.000000000000000000e+00j), (1.055065393447875977e+00+0.000000000000000000e+00j), (8.955594301223754883e-01+0.000000000000000000e+00j)
 (9.070236086845397949e-01+0.000000000000000000e+00j), (8.989534974098205566e-01+0.000000000000000000e+00j), (9.911363124847412109e-01+0.000000000000000000e+00j), (1.013715147972106934e+00+0.000000000000000000e+00j), (1.320156455039978027e+00+0.000000000000000000e+00j), (1.233716011047363281e+00+0.000000000000000000e+00j), (9.313274621963500977e-01+0.000000000000000000e+00j), (9.218679666519165039e-01+0.000000000000000000e+00j), (9.022473692893981934e-01+0.000000000000000000e+00j), (1.196747779846191406e+00+0.000000000000000000e+00j)
 (1.083758473396301270e+00+0.000000000000000000e+00j), (1.282940149307250977e+00+0.000000000000000000e+00j), (8.948053717613220215e-01+0.000000000000000000e+00j), (8.984661698341369629e-01+0.000000000000000000e+00j), (1.329692721366882324e+00+0.000000000000000000e+00j), (5.976560115814208984e-01+0.000000000000000000e+00j), (9.141363501548767090e-01+0.000000000000000000e+00j), (8.107112050056457520e-01+0.000000000000000000e+00j), (9.899603724479675293e-01+0.000000000000000000e+00j), (8.462994694709777832e-01+0.000000000000000000e+00j)
 (8.714123964309692383e-01+0.000000000000000000e+00j), (7.863047719001770020e-01+0.000000000000000000e+00j), (9.412688016891479492e-01+0.000000000000000000e+00j), (1.244309067726135254e+00+0.000000000000000000e+00j), (5.695311427116394043e-01+0.000000000000000000e+00j), (9.137961268424987793e-01+0.000000000000000000e+00j), (1.100724577903747559e+00+0.000000000000000000e+00j), (9.333161711692810059e-01+0.000000000000000000e+00j), (1.236344218254089355e+00+0.000000000000000000e+00j), (1.116526484489440918e+00+0.000000000000000000e+00j)
 (9.580774903297424316e-01+0.000000000000000000e+00j), (9.231284856796264648e-01+0.000000000000000000e+00j), (9.534799456596374512e-01+0.000000000000000000e+00j), (1.323808550834655762e+00+0.000000000000000000e+00j), (7.069966197013854980e-01+0.000000000000000000e+00j), (1.053733468055725098e+00+0.000000000000000000e+00j), (1.151428222656250000e+00+0.000000000000000000e+00j), (9.800307750701904297e-01+0.000000000000000000e+00j), (9.927924275398254395e-01+0.000000000000000000e+00j), (1.263237595558166504e+00+0.000000000000000000e+00j)
 (9.487478733062744141e-01+0.000000000000000000e+00j), (1.067439079284667969e+00+0.000000000000000000e+00j), (1.062138915061950684e+00+0.000000000000000000e+00j), (9.650900363922119141e-01+0.000000000000000000e+00j), (1.099044919013977051e+00+0.000000000000000000e+00j), (5.525596737861633301e-01+0.000000000000000000e+00j), (7.515798807144165039e-01+0.000000000000000000e+00j), (9.525850415229797363e-01+0.000000000000000000e+00j), (9.618051648139953613e-01+0.000000000000000000e+00j), (8.405956029891967773e-01+0.000000000000000000e+00j)
 (1.054717898368835449e+00+0.000000000000000000e+00j), (9.997051358222961426e-01+0.000000000000000000e+00j), (1.105505347251892090e+00+0.000000000000000000e+00j), (1.285327315330505371e+00+0.000000000000000000e+00j), (7.672513127326965332e-01+0.000000000000000000e+00j), (1.036186337471008301e+00+0.000000000000000000e+00j), (7.451126575469970703e-01+0.000000000000000000e+00j), (8.836537599563598633e-01+0.000000000000000000e+00j), (9.995087981224060059e-01+0.000000000000000000e+00j), (9.704873561859130859e-01+0.000000000000000000e+00j)
 (1.328786015510559082e+00+0.000000000000000000e+00j), (8.603733777999877930e-01+0.000000000000000000e+00j), (1.055943608283996582e+00+0.000000000000000000e+00j), (7.263575196266174316e-01+0.000000000000000000e+00j), (9.071242809295654297e-01+0.000000000000000000e+00j), (1.196923613548278809e+00+0.000000000000000000e+00j), (1.053502202033996582e+00+0.000000000000000000e+00j), (9.156804084777832031e-01+0.000000000000000000e+00j), (1.288838386535644531e+00+0.000000000000000000e+00j), (8.813088536262512207e-01+0.000000000000000000e+00j)
 (1.046312689781188965e+00+0.000000000000000000e+00j), (1.216051697731018066e+00+0.000000000000000000e+00j), (9.835689067840576172e-01+0.000000000000000000e+00j), (7.072409987449645996e-01+0.000000000000000000e+00j), (1.033969521522521973e+00+0.000000000000000000e+00j), (1.046304702758789062e+00+0.000000000000000000e+00j), (8.594944477081298828e-01+0.000000000000000000e+00j), (1.174795866012573242e+00+0.000000000000000000e+00j), (1.043518900871276855e+00+0.000000000000000000e+00j), (1.013995051383972168e+00+0.000000000000000000e+00j)
 (1.008847594261169434e+00+0.000000000000000000e+00j), (7.604130506515502930e-01+0.000000000000000000e+00j), (9.539632201194763184e-01+0.000000000000000000e+00j), (1.119074702262878418e+00+0.000000000000000000e+00j), (8.115620017051696777e-01+0.000000000000000000e+00j), (9.312378764152526855e-01+0.000000000000000000e+00j), (8.940064311027526855e-01+0.000000000000000000e+00j), (1.140004992485046387e+00+0.000000000000000000e+00j), (9.304517507553100586e-01+0.000000000000000000e+00j), (1.382514357566833496e+00+0.000000000000000000e+00j)
 (1.044575333595275879e+00+0.000000000000000000e+00j), (1.057678222656250000e+00+0.000000000000000000e+00j), (1.075463771820068359e+00+0.000000000000000000e+00j), (7.057594060897827148e-01+0.000000000000000000e+00j), (1.368078351020812988e+00+0.000000000000000000e+00j), (1.055160880088806152e+00+0.000000000000000000e+00j), (6.765586733818054199e-01+0.000000000000000000e+00j), (9.013235569000244141e-01+0.000000000000000000e+00j), (6.755343675613403320e-01+0.000000000000000000e+00j), (1.015873432159423828e+00+0.000000000000000000e+00j)
 (1.079118490219116211e+00+0.000000000000000000e+00j), (9.066514968872070312e-01+0.000000000000000000e+00j), (1.159879207611083984e+00+0.000000000000000000e+00j), (1.123845934867858887e+00+0.000000000000000000e+00j), (1.269816637039184570e+00+0.000000000000000000e+00j), (1.212245345115661621e+00+0.000000000000000000e+00j), (8.739146590232849121e-01+0.000000000000000000e+00j), (9.957605600357055664e-01+0.000000000000000000e+00j), (8.456280827522277832e-01+0.000000000000000000e+00j), (1.046930313110351562e+00+0.000000000000000000e+00j)
 (1.100090622901916504e+00+0.000000000000000000e+00j), (7.259598374366760254e-01+0.000000000000000000e+00j), (1.073787093162536621e+00+0.000000000000000000e+00j), (1.038511633872985840e+00+0.000000000000000000e+00j), (1.101454138755798340e+00+0.000000000000000000e+00j), (1.020726203918457031e+00+0.000000000000000000e+00j), (1.252023339271545410e+00+0.000000000000000000e+00j), (1.144524812698364258e+00+0.000000000000000000e+00j), (6.986133456230163574e-01+0.000000000000000000e+00j), (1.067309498786926270e+00+0.000000000000000000e+00j)
 (1.032327651977539062e+00+0.000000000000000000e+00j), (9.867578148841857910e-01+0.000000000000000000e+00j), (9.483569860458374023e-01+0.000000000000000000e+00j), (9.710260033607482910e-01+0.000000000000000000e+00j), (9.116815328598022461e-01+0.000000000000000000e+00j), (1.058482289314270020e+00+0.000000000000000000e+00j), (9.042550921440124512e-01+0.000000000000000000e+00j), (1.194519996643066406e+00+0.000000000000000000e+00j), (8.512836694717407227e-01+0.000000000000000000e+00j), (1.044886589050292969e+00+0.000000000000000000e+00j)
 (9.323083162307739258e-01+0.000000000000000000e+00j), (1.052772879600524902e+00+0.000000000000000000e+00j), (1.152218341827392578e+00+0.000000000000000000e+00j), (9.317367672920227051e-01+0.000000000000000000e+00j), (9.671377539634704590e-01+0.000000000000000000e+00j), (1.354736566543579102e+00+0.000000000000000000e+00j), (1.324028134346008301e+00+0.000000000000000000e+00j), (7.766325473785400391e-01+0.000000000000000000e+00j), (1.182191491127014160e+00+0.000000000000000000e+00j), (1.211840391159057617e+00+0.000000000000000000e+00j)
 (9.729282855987548828e-01+0.000000000000000000e+00j), (8.641527891159057617e-01+0.000000000000000000e+00j), (1.187970519065856934e+00+0.000000000000000000e+00j), (4.903090298175811768e-01+0.000000000000000000e+00j), (8.045189380645751953e-01+0.000000000000000000e+00j), (8.612923026084899902e-01+0.000000000000000000e+00j), (1.112006306648254395e+00+0.000000000000000000e+00j), (1.166273355484008789e+00+0.000000000000000000e+00j), (1.008518695831298828e+00+0.000000000000000000e+00j), (6.713141798973083496e-01+0.000000000000000000e+00j)
 (9.317073822021484375e-01+0.000000000000000000e+00j), (1.047241926193237305e+00+0.000000000000000000e+00j), (7.205836176872253418e-01+0.000000000000000000e+00j), (9.825868606567382812e-01+0.000000000000000000e+00j), (1.156395077705383301e+00+0.000000000000000000e+00j), (1.092312097549438477e+00+0.000000000000000000e+00j), (1.231735348701477051e+00+0.000000000000000000e+00j), (6.032006740570068359e-01+0.000000000000000000e+00j), (9.859340190887451172e-01+0.000000000000000000e+00j), (8.542602658271789551e-01+0.000000000000000000e+00j)
 (1.042104363441467285e+00+0.000000000000000000e+00j), (1.137208700180053711e+00+0.000000000000000000e+00j), (9.656832814216613770e-01+0.000000000000000000e+00j), (8.686681389808654785e-01+0.000000000000000000e+00j), (8.885933756828308105e-01+0.000000000000000000e+00j), (9.825458526611328125e-01+0.000000000000000000e+00j), (1.157511234283447266e+00+0.000000000000000000e+00j), (1.288077235221862793e+00+0.000000000000000000e+00j), (1.090211391448974609e+00+0.000000000000000000e+00j), (9.989920854568481445e-01+0.000000000000000000e+00j)
 (9.090213179588317871e-01+0.000000000000000000e+00j), (1.027888178825378418e+00+0.000000000000000000e+00j), (9.963052868843078613e-01+0.000000000000000000e+00j), (1.173779726028442383e+00+0.000000000000000000e+00j), (1.123971700668334961e+00+0.000000000000000000e+00j), (9.639583826065063477e-01+0.000000000000000000e+00j), (1.021242856979370117e+00+0.000000000000000000e+00j), (9.189220666885375977e-01+0.000000000000000000e+00j), (1.201208591461181641e+00+0.000000000000000000e+00j), (1.020540595054626465e+00+0.000000000000000000e+00j)
 (1.375969409942626953e+00+0.000000000000000000e+00j), (8.626911044120788574e-01+0.000000000000000000e+00j), (8.539369106292724609e-01+0.000000000000000000e+00j), (1.101592063903808594e+00+0.000000000000000000e+00j), (1.333678603172302246e+00+0.000000000000000000e+00j), (8.173164725303649902e-01+0.000000000000000000e+00j), (8.648230433464050293e-01+0.000000000000000000e+00j), (9.462122917175292969e-01+0.000000000000000000e+00j), (1.229303002357482910e+00+0.000000000000000000e+00j), (9.214515089988708496e-01+0.000000000000000000e+00j)
 (1.095641016960144043e+00+0.000000000000000000e+00j), (1.065146446228027344e+00+0.000000000000000000e+00j), (1.266214132308959961e+00+0.000000000000000000e+00j), (8.428518176078796387e-01+0.000000000000000000e+00j), (1.137597084045410156e+00+0.000000000000000000e+00j), (8.830717802047729492e-01+0.000000000000000000e+00j), (7.018811702728271484e-01+0.000000000000000000e+00j), (1.449009299278259277e+00+0.000000000000000000e+00j), (9.504073858261108398e-01+0.000000000000000000e+00j), (1.116347551345825195e+00+0.000000000000000000e+00j)
 (1.012264490127563477e+00+0.000000000000000000e+00j), (7.915753126144409180e-01+0.000000000000000000e+00j), (7.045804262161254883e-01+0.000000000000000000e+00j), (1.020109534263610840e+00+0.000000000000000000e+00j), (1.439442753791809082e+00+0.000000000000000000e+00j), (1.096187591552734375e+00+0.000000000000000000e+00j), (1.209052205085754395e+00+0.000000000000000000e+00j), (1.064483761787414551e+00+0.000000000000000000e+00j), (1.126278758049011230e+00+0.000000000000000000e+00j), (9.163771867752075195e-01+0.000000000000000000e+00j)
 (8.022497296333312988e-01+0.000000000000000000e+00j), (8.476956486701965332e-01+0.000000000000000000e+00j), (9.947500824928283691e-01+0.000000000000000000e+00j), (9.970572590827941895e-01+0.000000000000000000e+00j), (1.501686811447143555e+00+0.000000000000000000e+00j), (9.054740071296691895e-01+0.000000000000000000e+00j), (1.143437623977661133e+00+0.000000000000000000e+00j), (9.304675459861755371e-01+0.000000000000000000e+00j), (6.075055599212646484e-01+0.000000000000000000e+00j), (5.711018443107604980e-01+0.000000000000000000e+00j)
 (8.089411854743957520e-01+0.000000000000000000e+00j), (1.178697705268859863e+00+0.000000000000000000e+00j), (1.096150875091552734e+00+0.000000000000000000e+00j), (1.099731087684631348e+00+0.000000000000000000e+00j), (1.113443255424499512e+00+0.000000000000000000e+00j), (1.036319255828857422e+00+0.000000000000000000e+00j), (8.226692080497741699e-01+0.000000000000000000e+00j), (1.238317131996154785e+00+0.000000000000000000e+00j), (9.530736207962036133e-01+0.000000000000000000e+00j), (7.421289682388305664e-01+0.000000000000000000e+00j)
 (9.281865954399108887e-01+0.000000000000000000e+00j), (7.165241241455078125e-01+0.000000000000000000e+00j), (8.691128492355346680e-01+0.000000000000000000e+00j), (1.101537585258483887e+00+0.000000000000000000e+00j), (1.203888773918151855e+00+0.000000000000000000e+00j), (8.374828100204467773e-01+0.000000000000000000e+00j), (8.694289326667785645e-01+0.000000000000000000e+00j), (7.651188373565673828e-01+0.000000000000000000e+00j), (1.227219104766845703e+00+0.000000000000000000e+00j), (1.282603263854980469e+00+0.000000000000000000e+00j)
 (9.172202348709106445e-01+0.000000000000000000e+00j), (1.043401122093200684e+00+0.000000000000000000e+00j), (6.254559755325317383e-01+0.000000000000000000e+00j), (1.390600919723510742e+00+0.000000000000000000e+00j), (1.042537927627563477e+00+0.000000000000000000e+00j), (9.393935799598693848e-01+0.000000000000000000e+00j), (8.630535006523132324e-01+0.000000000000000000e+00j), (7.392976880073547363e-01+0.000000000000000000e+00j), (1.104352593421936035e+00+0.000000000000000000e+00j), (7.057296037673950195e-01+0.000000000000000000e+00j)
 (1.132220506668090820e+00+0.000000000000000000e+00j), (8.073201775550842285e-01+0.000000000000000000e+00j), (1.028971910476684570e+00+0.000000000000000000e+00j), (1.126779437065124512e+00+0.000000000000000000e+00j), (8.983960747718811035e-01+0.000000000000000000e+00j), (1.407517075538635254e+00+0.000000000000000000e+00j), (8.128940463066101074e-01+0.000000000000000000e+00j), (9.158420562744140625e-01+0.000000000000000000e+00j), (9.728189110755920410e-01+0.000000000000000000e+00j), (1.076439380645751953e+00+0.000000000000000000e+00j)
 (7.940387129783630371e-01+0.000000000000000000e+00j), (1.004729866981506348e+00+0.000000000000000000e+00j), (5.564590692520141602e-01+0.000000000000000000e+00j), (1.312571763992309570e+00+0.000000000000000000e+00j), (1.179400682449340820e+00+0.000000000000000000e+00j), (8.913223147392272949e-01+0.000000000000000000e+00j), (1.192871212959289551e+00+0.000000000000000000e+00j), (8.958550691604614258e-01+0.000000000000000000e+00j), (1.303946137428283691e+00+0.000000000000000000e+00j), (1.055626511573791504e+00+0.000000000000000000e+00j)
 (7.236495614051818848e-01+0.000000000000000000e+00j), (1.028146386146545410e+00+0.000000000000000000e+00j), (1.107668638229370117e+00+0.000000000000000000e+00j), (9.097548723220825195e-01+0.000000000000000000e+00j), (7.636852860450744629e-01+0.000000000000000000e+00j), (9.943980574607849121e-01+0.000000000000000000e+00j), (1.284419298171997070e+00+0.000000000000000000e+00j), (8.372416496276855469e-01+0.000000000000000000e+00j), (9.223928451538085938e-01+0.000000000000000000e+00j), (1.382353782653808594e+00+0.000000000000000000e+00j)
 (1.173889636993408203e+00+0.000000000000000000e+00j), (1.202901244163513184e+00+0.000000000000000000e+00j), (1.048590421676635742e+00+0.000000000000000000e+00j), (1.274984478950500488e+00+0.000000000000000000e+00j), (1.016237497329711914e+00+0.000000000000000000e+00j), (8.349166512489318848e-01+0.000000000000000000e+00j), (1.242843866348266602e+00+0.000000000000000000e+00j), (8.105145692825317383e-01+0.000000000000000000e+00j), (1.061134815216064453e+00+0.000000000000000000e+00j), (1.160219311714172363e+00+0.000000000000000000e+00j)
 (9.902493953704833984e-01+0.000000000000000000e+00j), (7.898603677749633789e-01+0.000000000000000000e+00j), (1.167447447776794434e+00+0.000000000000000000e+00j), (7.598688006401062012e-01+0.000000000000000000e+00j), (7.937739491462707520e-01+0.000000000000000000e+00j), (9.896616935729980469e-01+0.000000000000000000e+00j), (1.330525398254394531e+00+0.000000000000000000e+00j), (1.283279895782470703e+00+0.000000000000000000e+00j), (9.131299257278442383e-01+0.000000000000000000e+00j), (8.471158742904663086e-01+0.000000000000000000e+00j)
 (9.818081855773925781e-01+0.000000000000000000e+00j), (9.738443493843078613e-01+0.000000000000000000e+00j), (9.476888179779052734e-01+0.000000000000000000e+00j), (8.188529014587402344e-01+0.000000000000000000e+00j), (1.067371129989624023e+00+0.000000000000000000e+00j), (1.067313432693481445e+00+0.000000000000000000e+00j), (1.006483316421508789e+00+0.000000000000000000e+00j), (1.255446910858154297e+00+0.000000000000000000e+00j), (1.259392619132995605e+00+0.000000000000000000e+00j), (1.027367711067199707e+00+0.000000000000000000e+00j)
 (1.248281836509704590e+00+0.000000000000000000e+00j), (1.042284250259399414e+00+0.000000000000000000e+00j), (8.601797223091125488e-01+0.000000000000000000e+00j), (1.045634984970092773e+00+0.000000000000000000e+00j), (1.245264410972595215e+00+0.000000000000000000e+00j), (1.238425016403198242e+00+0.000000000000000000e+00j), (9.011726975440979004e-01+0.000000000000000000e+00j), (8.549346923828125000e-01+0.000000000000000000e+00j), (9.657307863235473633e-01+0.000000000000000000e+00j), (8.367204666137695312e-01+0.000000000000000000e+00j)
 (1.020053267478942871e+00+0.000000000000000000e+00j), (1.033444166183471680e+00+0.000000000000000000e+00j), (8.875898122787475586e-01+0.000000000000000000e+00j), (7.309146523475646973e-01+0.000000000000000000e+00j), (1.337973475456237793e+00+0.000000000000000000e+00j), (7.326302528381347656e-01+0.000000000000000000e+00j), (7.646951079368591309e-01+0.000000000000000000e+00j), (7.647135257720947266e-01+0.000000000000000000e+00j), (8.764604330062866211e-01+0.000000000000000000e+00j), (1.016004443168640137e+00+0.000000000000000000e+00j)
 (8.281119465827941895e-01+0.000000000000000000e+00j), (1.301930904388427734e+00+0.000000000000000000e+00j), (9.349900484085083008e-01+0.000000000000000000e+00j), (5.503793358802795410e-01+0.000000000000000000e+00j), (1.224965929985046387e+00+0.000000000000000000e+00j), (9.246585965156555176e-01+0.000000000000000000e+00j), (1.019287228584289551e+00+0.000000000000000000e+00j), (8.349086046218872070e-01+0.000000000000000000e+00j), (1.204790592193603516e+00+0.000000000000000000e+00j), (9.564595222473144531e-01+0.000000000000000000e+00j)
 (9.882184267044067383e-01+0.000000000000000000e+00j), (8.466860055923461914e-01+0.000000000000000000e+00j), (1.007509112358093262e+00+0.000000000000000000e+00j), (5.927667021751403809e-01+0.000000000000000000e+00j), (1.078920483589172363e+00+0.000000000000000000e+00j), (8.976059556007385254e-01+0.000000000000000000e+00j), (1.066798925399780273e+00+0.000000000000000000e+00j), (9.382051229476928711e-01+0.000000000000000000e+00j), (9.023134708404541016e-01+0.000000000000000000e+00j), (1.407672166824340820e+00+0.000000000000000000e+00j)
 (8.727887272834777832e-01+0.000000000000000000e+00j), (8.088079690933227539e-01+0.000000000000000000e+00j), (1.322696924209594727e+00+0.000000000000000000e+00j), (1.206297159194946289e+00+0.000000000000000000e+00j), (1.358567118644714355e+00+0.000000000000000000e+00j), (8.079742193222045898e-01+0.000000000000000000e+00j), (8.222783207893371582e-01+0.000000000000000000e+00j), (7.906816005706787109e-01+0.000000000000000000e+00j), (9.003255963325500488e-01+0.000000000000000000e+00j), (9.387628436088562012e-01+0.000000000000000000e+00j)
 (8.585210442543029785e-01+0.000000000000000000e+00j), (1.111722826957702637e+00+0.000000000000000000e+00j), (8.036550879478454590e-01+0.000000000000000000e+00j), (8.611956834793090820e-01+0.000000000000000000e+00j), (1.372513771057128906e+00+0.000000000000000000e+00j), (8.915725946426391602e-01+0.000000000000000000e+00j), (1.198107719421386719e+00+0.000000000000000000e+00j), (1.159308433532714844e+00+0.000000000000000000e+00j), (1.288522362709045410e+00+0.000000000000000000e+00j), (1.024504423141479492e+00+0.000000000000000000e+00j)
 (7.474405765533447266e-01+0.000000000000000000e+00j), (1.349048018455505371e+00+0.000000000000000000e+00j), (1.026913881301879883e+00+0.000000000000000000e+00j), (7.309103012084960938e-01+0.000000000000000000e+00j), (1.129801630973815918e+00+0.000000000000000000e+00j), (1.282495260238647461e+00+0.000000000000000000e+00j), (8.569434285163879395e-01+0.000000000000000000e+00j), (1.046993732452392578e+00+0.000000000000000000e+00j), (1.204417467117309570e+00+0.000000000000000000e+00j), (1.077041625976562500e+00+0.000000000000000000e+00j)
 (9.508658051490783691e-01+0.000000000000000000e+00j), (9.235558509826660156e-01+0.000000000000000000e+00j), (8.309577107429504395e-01+0.000000000000000000e+00j), (1.591304421424865723e+00+0.000000000000000000e+00j), (8.518318533897399902e-01+0.000000000000000000e+00j), (8.547940850257873535e-01+0.000000000000000000e+00j), (1.165731191635131836e+00+0.000000000000000000e+00j), (1.180745482444763184e+00+0.000000000000000000e+00j), (1.060695767402648926e+00+0.000000000000000000e+00j), (1.125375270843505859e+00+0.000000000000000000e+00j)
 (9.955854415893554688e-01+0.000000000000000000e+00j), (1.270334839820861816e+00+0.000000000000000000e+00j), (8.730766773223876953e-01+0.000000000000000000e+00j), (8.571646809577941895e-01+0.000000000000000000e+00j), (1.300878643989562988e+00+0.000000000000000000e+00j), (8.174406290054321289e-01+0.000000000000000000e+00j), (9.604302048683166504e-01+0.000000000000000000e+00j), (8.451665639877319336e-01+0.000000000000000000e+00j), (1.114411830902099609e+00+0.000000000000000000e+00j), (1.155688047409057617e+00+0.000000000000000000e+00j)
 (1.085499644279479980e+00+0.000000000000000000e+00j), (8.212510943412780762e-01+0.000000000000000000e+00j), (7.807117700576782227e-01+0.000000000000000000e+00j), (1.315518021583557129e+00+0.000000000000000000e+00j), (1.134755730628967285e+00+0.000000000000000000e+00j), (1.224447727203369141e+00+0.000000000000000000e+00j), (9.851322770118713379e-01+0.000000000000000000e+00j), (1.408536791801452637e+00+0.000000000000000000e+00j), (7.732637524604797363e-01+0.000000000000000000e+00j), (1.025030732154846191e+00+0.000000000000000000e+00j)
 (1.231048226356506348e+00+0.000000000000000000e+00j), (9.305344820022583008e-01+0.000000000000000000e+00j), (1.149807214736938477e+00+0.000000000000000000e+00j), (1.013221263885498047e+00+0.000000000000000000e+00j), (9.454185366630554199e-01+0.000000000000000000e+00j), (8.101019263267517090e-01+0.000000000000000000e+00j), (1.050658345222473145e+00+0.000000000000000000e+00j), (1.135094881057739258e+00+0.000000000000000000e+00j), (1.066504597663879395e+00+0.000000000000000000e+00j), (1.114499688148498535e+00+0.000000000000000000e+00j)
 (8.828160166740417480e-01+0.000000000000000000e+00j), (7.136247754096984863e-01+0.000000000000000000e+00j), (9.793784618377685547e-01+0.000000000000000000e+00j), (7.135487794876098633e-01+0.000000000000000000e+00j), (1.148125171661376953e+00+0.000000000000000000e+00j), (7.107679843902587891e-01+0.000000000000000000e+00j), (6.674306988716125488e-01+0.000000000000000000e+00j), (1.186520814895629883e+00+0.000000000000000000e+00j), (1.355664849281311035e+00+0.000000000000000000e+00j), (9.857165217399597168e-01+0.000000000000000000e+00j)
 (9.156127572059631348e-01+0.000000000000000000e+00j), (8.133174777030944824e-01+0.000000000000000000e+00j), (1.080456972122192383e+00+0.000000000000000000e+00j), (9.839368462562561035e-01+0.000000000000000000e+00j), (9.104063510894775391e-01+0.000000000000000000e+00j), (9.525448679924011230e-01+0.000000000000000000e+00j), (1.296966314315795898e+00+0.000000000000000000e+00j), (6.861758828163146973e-01+0.000000000000000000e+00j), (9.742103219032287598e-01+0.000000000000000000e+00j), (1.203422665596008301e+00+0.000000000000000000e+00j)
 (8.262481093406677246e-01+0.000000000000000000e+00j), (7.553742527961730957e-01+0.000000000000000000e+00j), (1.031604886054992676e+00+0.000000000000000000e+00j), (1.148343086242675781e+00+0.000000000000000000e+00j), (1.365685105323791504e+00+0.000000000000000000e+00j), (1.282649040222167969e+00+0.000000000000000000e+00j), (8.708979487419128418e-01+0.000000000000000000e+00j), (1.103534579277038574e+00+0.000000000000000000e+00j), (1.182667970657348633e+00+0.000000000000000000e+00j), (1.131611943244934082e+00+0.000000000000000000e+00j)
 (1.068901300430297852e+00+0.000000000000000000e+00j), (1.192861318588256836e+00+0.000000000000000000e+00j), (1.155977606773376465e+00+0.000000000000000000e+00j), (1.036977171897888184e+00+0.000000000000000000e+00j), (1.236748218536376953e+00+0.000000000000000000e+00j), (9.535092711448669434e-01+0.000000000000000000e+00j), (7.516877651214599609e-01+0.000000000000000000e+00j), (6.978628635406494141e-01+0.000000000000000000e+00j), (8.424714803695678711e-01+0.000000000000000000e+00j), (1.226139664649963379e+00+0.000000000000000000e+00j)
 (8.671413064002990723e-01+0.000000000000000000e+00j), (9.522537589073181152e-01+0.000000000000000000e+00j), (8.184348940849304199e-01+0.000000000000000000e+00j), (1.222873449325561523e+00+0.000000000000000000e+00j), (1.173889517784118652e+00+0.000000000000000000e+00j), (1.156145453453063965e+00+0.000000000000000000e+00j), (9.581611156463623047e-01+0.000000000000000000e+00j), (1.064184784889221191e+00+0.000000000000000000e+00j), (8.101834058761596680e-01+0.000000000000000000e+00j), (7.565299868583679199e-01+0.000000000000000000e+00j)
 (8.144850730895996094e-01+0.000000000000000000e+00j), (7.229763865470886230e-01+0.000000000000000000e+00j), (9.694142341613769531e-01+0.000000000000000000e+00j), (5.917945504188537598e-01+0.000000000000000000e+00j), (8.419347405433654785e-01+0.000000000000000000e+00j), (1.348575353622436523e+00+0.000000000000000000e+00j), (9.854873418807983398e-01+0.000000000000000000e+00j), (6.725901365280151367e-01+0.000000000000000000e+00j), (8.846288323402404785e-01+0.000000000000000000e+00j), (1.247247219085693359e+00+0.000000000000000000e+00j)
 (9.612354040145874023e-01+0.000000000000000000e+00j), (4.807052612304687500e-01+0.000000000000000000e+00j), (7.287373542785644531e-01+0.000000000000000000e+00j), (8.335745334625244141e-01+0.000000000000000000e+00j), (1.187755346298217773e+00+0.000000000000000000e+00j), (1.163736701011657715e+00+0.000000000000000000e+00j), (9.374309182167053223e-01+0.000000000000000000e+00j), (9.446864128112792969e-01+0.000000000000000000e+00j), (1.048679471015930176e+00+0.000000000000000000e+00j), (1.122865557670593262e+00+0.000000000000000000e+00j)
 (7.976638078689575195e-01+0.000000000000000000e+00j), (1.054200768470764160e+00+0.000000000000000000e+00j), (5.631136298179626465e-01+0.000000000000000000e+00j), (5.793443918228149414e-01+0.000000000000000000e+00j), (1.411314845085144043e+00+0.000000000000000000e+00j), (5.196232199668884277e-01+0.000000000000000000e+00j), (9.469313025474548340e-01+0.000000000000000000e+00j), (9.795561432838439941e-01+0.000000000000000000e+00j), (1.138374090194702148e+00+0.000000000000000000e+00j), (1.231190681457519531e+00+0.000000000000000000e+00j)
 (1.131085872650146484e+00+0.000000000000000000e+00j), (9.707508087158203125e-01+0.000000000000000000e+00j), (8.957140445709228516e-01+0.000000000000000000e+00j), (1.333962917327880859e+00+0.000000000000000000e+00j), (9.170224666595458984e-01+0.000000000000000000e+00j), (1.365143060684204102e+00+0.000000000000000000e+00j), (9.198393821716308594e-01+0.000000000000000000e+00j), (9.921923279762268066e-01+0.000000000000000000e+00j), (1.156596541404724121e+00+0.000000000000000000e+00j), (7.883083224296569824e-01+0.000000000000000000e+00j)
 (1.008329272270202637e+00+0.000000000000000000e+00j), (9.560571312904357910e-01+0.000000000000000000e+00j), (1.125793218612670898e+00+0.000000000000000000e+00j), (1.162027835845947266e+00+0.000000000000000000e+00j), (8.560014963150024414e-01+0.000000000000000000e+00j), (8.760414719581604004e-01+0.000000000000000000e+00j), (8.262235522270202637e-01+0.000000000000000000e+00j), (1.163841009140014648e+00+0.000000000000000000e+00j), (8.014677166938781738e-01+0.000000000000000000e+00j), (1.142273426055908203e+00+0.000000000000000000e+00j)
